<?xml version="1.0" encoding="UTF-8"?>
<!--suppress ALL -->
<isys>
	<queries>
		<query>
			<id>1</id>
			<title>Create table: isys_otrssync_mapped_objtypes</title>
			<check ident="C_CREATE_TABLE">isys_otrssync_mapped_objtypes</check>
			<sql>
				<exec ident="false">
				  CREATE TABLE IF NOT EXISTS `isys_otrssync_mapped_objtypes` (
				  `isys_otrssync_mapped_objtypes__id` INT UNSIGNED NOT NULL AUTO_INCREMENT,
				  `isys_otrssync_mapped_objtypes__obj_id` INT NOT NULL,
				  `isys_otrssync_mapped_objtypes__obj_name` VARCHAR(100) NOT NULL,
				  `isys_otrssync_mapped_objtypes__otrs_class` VARCHAR(100) NOT NULL,
				  PRIMARY KEY (`isys_otrssync_mapped_objtypes__id`));
				</exec>
			</sql>
		</query>

		<query>
			<id>2</id>
			<title>Create table: isys_otrssync_changelog</title>
			<check ident="C_CREATE_TABLE">isys_otrssync_changelog</check>
			<sql>
				<exec ident="false">
				  CREATE TABLE IF NOT EXISTS `isys_otrssync_changelog` (
				  `isys_otrssync_changelog__id` INT NOT NULL AUTO_INCREMENT,
				  `isys_otrssync_changelog__timestamp` TIMESTAMP NOT NULL DEFAULT NOW(),
				  `isys_otrssync_changelog__user_id` INT NOT NULL,
				  `isys_otrssync_changelog__action` TEXT NOT NULL,
 				  `isys_otrssync_changelog__type` TINYINT NOT NULL,
				  PRIMARY KEY (`isys_otrssync_changelog__id`),
				  UNIQUE INDEX `isys_otrssync_changelog__id_UNIQUE` (`isys_otrssync_changelog__id` ASC));
				</exec>
			</sql>
		</query>

		<query>
			<id>3</id>
			<title>Create table: isys_otrssync_settings</title>
			<check ident="C_CREATE_TABLE">isys_otrssync_settings</check>
			<sql>
				<exec ident="false">
				  CREATE TABLE IF NOT EXISTS `isys_otrssync_settings` (
				  `isys_otrssync_settings__id` INT UNSIGNED NOT NULL AUTO_INCREMENT,
				  `isys_otrssync_settings__name` VARCHAR(45) NOT NULL,
				  `isys_otrssync_settings__value` TEXT NOT NULL,
				  PRIMARY KEY (`isys_otrssync_settings__id`));
				</exec>
			</sql>
		</query>

		<query>
			<id>4</id>
			<title>Create table: isys_otrssync_mapped_catg</title>
			<check ident="C_CREATE_TABLE">isys_otrssync_mapped_catg</check>
			<sql>
				<exec ident="false">
				  CREATE TABLE IF NOT EXISTS `isys_otrssync_mapped_catg` (
				  `isys_otrssync_mapped_catg__catg_id` INT UNSIGNED NOT NULL,
				  PRIMARY KEY (`isys_otrssync_mapped_catg__catg_id`));
				</exec>
			</sql>
		</query>

		<query>
			<id>5</id>
			<title>Create table: isys_otrssync_otrsclasses</title>
			<check ident="C_CREATE_TABLE">isys_otrssync_otrsclasses</check>
			<sql>
				<exec ident="false">
				  CREATE TABLE `isys_otrssync_otrsclasses` (
				  `isys_otrssync_otrsclasses__id` INT UNSIGNED NOT NULL AUTO_INCREMENT,
				  `isys_otrssync_otrsclasses__class` VARCHAR(100) NOT NULL,
				  `isys_otrssync_otrsclasses__structure` TEXT NOT NULL,
				  PRIMARY KEY (`isys_otrssync_otrsclasses__id`));
				</exec>
			</sql>
		</query>

		<query>
			<id>6</id>
			<title>Create table: isys_otrssync_otrs_attributes</title>
			<check ident="C_CREATE_TABLE">isys_otrssync_otrs_attributes</check>
			<sql>
				<exec ident="false">
				  CREATE TABLE `isys_otrssync_otrs_attributes` (
				  `isys_otrssync_otrs_attributes__id` INT UNSIGNED NOT NULL AUTO_INCREMENT,
				  `isys_otrssync_otrs_attributes__key` VARCHAR(100) NOT NULL,
				  `isys_otrssync_otrs_attributes__name` VARCHAR(100) NOT NULL,
				  `isys_otrssync_otrs_attributes__parent_id` INT NULL,
				  `isys_otrssync_otrs_attributes__class_id` INT NOT NULL,
				  `isys_otrssync_otrs_attributes__max_count` INT NOT NULL DEFAULT 1,
				  PRIMARY KEY (`isys_otrssync_otrs_attributes__id`));
				</exec>
			</sql>
		</query>
		<query>
			<id>7</id>
			<title>Create table: isys_otrssync_attributes</title>
			<check ident="C_CREATE_TABLE">isys_otrssync_attributes</check>
			<sql>
				<exec ident="false">
				  CREATE TABLE `isys_otrssync_attributes` (
				  `isys_otrssync_attributes__id` INT UNSIGNED NOT NULL AUTO_INCREMENT,
				  `isys_otrssync_attributes__cat_id` INT NOT NULL,
				  `isys_otrssync_attributes__cat_title` VARCHAR(100) NOT NULL,
				  `isys_otrssync_attributes__source_table` VARCHAR(200) NOT NULL,
				  `isys_otrssync_attributes__source_col` VARCHAR(200) NOT NULL,
				  `isys_otrssync_attributes__target_table` VARCHAR(200) NOT NULL,
				  `isys_otrssync_attributes__target_col` VARCHAR(200) NOT NULL,
				  `isys_otrssync_attributes__value` VARCHAR(100) NULL,
				  `isys_otrssync_attributes__translation_key` VARCHAR(100) NULL,
				  `isys_otrssync_attributes__relation_order` INT NOT NULL,
				  `isys_otrssync_attributes__default` INT NOT NULL DEFAULT 0,
				  PRIMARY KEY (`isys_otrssync_attributes__id`));

				INSERT INTO `isys_otrssync_attributes` VALUES (1,1,'LC__CMDB__CATG__GLOBAL','isys_catg_global_list','isys_catg_global_list__isys_obj__id','isys_obj','isys_obj__id','isys_obj__title','LC__CMDB__CATG__GLOBAL_TITLE',1,1);
				INSERT INTO `isys_otrssync_attributes` VALUES (2,1,'LC__CMDB__CATG__GLOBAL','isys_obj','isys_obj__isys_obj_type__id','isys_obj_type','isys_obj_type__id','isys_obj_type__title','LC__CMDB__OBJTYPE',2,1);
				INSERT INTO `isys_otrssync_attributes` VALUES (3,21,'LC__CMDB__CATG__CONTACT','isys_catg_contact_list','isys_catg_contact_list__isys_catg_relation_list__id','isys_catg_relation_list','isys_catg_relation_list__id',NULL,NULL,1,1);
				INSERT INTO `isys_otrssync_attributes` VALUES (4,21,'LC__CMDB__CATG__CONTACT','isys_catg_relation_list','isys_catg_relation_list__isys_obj__id__slave','isys_obj','isys_obj__id','isys_obj__title','LC__CMDB__CATG__CONTACT_TITLE',2,1);
				INSERT INTO `isys_otrssync_attributes` VALUES (5,21,'LC__CMDB__CATG__CONTACT','isys_obj','isys_obj__id','isys_cats_person_list','isys_cats_person_list__isys_obj__id','isys_cats_person_list__phone_company','LC__CONTACT__PERSON_TELEPHONE_COMPANY',3,1);
				INSERT INTO `isys_otrssync_attributes` VALUES (6,21,'LC__CMDB__CATG__CONTACT','isys_obj','isys_obj__id','isys_catg_mail_addresses_list','isys_catg_mail_addresses_list__isys_obj__id','isys_catg_mail_addresses_list__title','LC__CONTACT__PERSON_MAIL_ADDRESS',3,1);
				INSERT INTO `isys_otrssync_attributes` VALUES (7,2,'LC__CMDB__CATG__MODEL','isys_catg_model_list','isys_catg_model_list__isys_model_title__id','isys_model_title','isys_model_title__id','isys_model_title__title','LC__CMDB__CATG__MODEL_TITLE',1,1);
				INSERT INTO `isys_otrssync_attributes` VALUES (8,2,'LC__CMDB__CATG__MODEL','isys_catg_model_list','isys_catg_model_list__isys_model_manufacturer__id','isys_model_manufacturer','isys_model_manufacturer__id','isys_model_manufacturer__title','LC__CMDB__CATG__MANUFACTURER',1,1);
				INSERT INTO `isys_otrssync_attributes` VALUES (9,2,'LC__CMDB__CATG__MODEL','isys_catg_model_list','isys_catg_model_list__serial','isys_catg_model_list','isys_catg_model_list__serial','isys_catg_model_list__serial','LC__CMDB__CATG__SERIAL',1,1);
				INSERT INTO `isys_otrssync_attributes` VALUES (10,47,'LC__CATG__IP_ADDRESS','isys_catg_ip_list','isys_catg_ip_list__isys_catg_relation_list__id','isys_catg_relation_list','isys_catg_relation_list__id',NULL,NULL,1,1);
				INSERT INTO `isys_otrssync_attributes` VALUES (11,47,'LC__CATG__IP_ADDRESS','isys_catg_relation_list','isys_catg_relation_list__isys_obj__id__slave','isys_obj','isys_obj__id','isys_obj__title','LC__CMDB__CATG__TITLE',2,1);
				INSERT INTO `isys_otrssync_attributes` VALUES (12,47,'LC__CATG__IP_ADDRESS','isys_catg_ip_list','isys_catg_ip_list__isys_cats_net_ip_addresses_list__id','isys_cats_net_ip_addresses_list','isys_cats_net_ip_addresses_list__id','isys_cats_net_ip_addresses_list__title','LC__CMDB__CATG__IP__IPV4_ADDRESS',1,1);
				INSERT INTO `isys_otrssync_attributes` VALUES (13,47,'LC__CATG__IP_ADDRESS','isys_catg_ip_list','isys_catg_ip_list__hostname','isys_catg_ip_list','isys_catg_ip_list__hostname','isys_catg_ip_list__hostname','LC__CMDB__CATG__NETWORK__HOSTNAME',1,1);
				INSERT INTO `isys_otrssync_attributes` VALUES (14,47,'LC__CATG__IP_ADDRESS','isys_catg_ip_list','isys_catg_ip_list__isys_ip_assignment__id','isys_catg_ip_list','isys_catg_ip_list__isys_ip_assignment__id','isys_catg_ip_list__isys_ip_assignment__id','LC__CATP__IP__ASSIGN',1,1);
				INSERT INTO `isys_otrssync_attributes` VALUES (15,26,'LC__CMDB__CATG__LOCATION','isys_catg_location_list','isys_catg_location_list__parentid','isys_obj','isys_obj__id','isys_obj__title','LC__CMDB__CATG__TITLE',1,1);
				INSERT INTO `isys_otrssync_attributes` VALUES (16,80,'LC__CMDB__CATG__IT_SERVICE_ASSIGNMENT','isys_catg_relation_list','isys_catg_relation_list__isys_obj__id__itservice','isys_obj','isys_obj__id','isys_obj__title','LC__CMDB__CATG__TITLE',1,1);
				INSERT INTO `isys_otrssync_attributes` VALUES (17,154,'LC__CATG__OPERATING_SYSTEM','isys_catg_application_list','isys_catg_application_list__isys_catg_relation_list__id','isys_catg_relation_list','isys_catg_relation_list__id',NULL,NULL,1,1);
				INSERT INTO `isys_otrssync_attributes` VALUES (18,154,'LC__CATG__OPERATING_SYSTEM','isys_catg_relation_list','isys_catg_relation_list__isys_obj__id__slave','isys_obj','isys_obj__id','isys_obj__title','LC__CMDB__CATG__TITLE',2,1);
				INSERT INTO `isys_otrssync_attributes` VALUES (19, 1, 'LC__CMDB__CATG__GLOBAL', 'isys_catg_global_list', 'isys_catg_global_list__isys_obj__id', 'isys_obj', 'isys_obj__id', 'isys_obj__description', 'LC__CMDB__CATG__DESCRIPTION', '1', '1');
				INSERT INTO `isys_otrssync_attributes` VALUES (20, 2, 'LC__CMDB__CATG__MODEL', 'isys_catg_model_list', 'isys_catg_model_list__productid', 'isys_catg_model_list', 'isys_catg_model_list__productid', 'isys_catg_model_list__productid', 'LC__CMDB__CATG__MODEL_PRODUCTID', '1', '1');
				INSERT INTO `isys_otrssync_attributes` VALUES (21, 2, 'LC__CMDB__CATG__MODEL', 'isys_catg_model_list', 'isys_catg_model_list__service_tag', 'isys_catg_model_list', 'isys_catg_model_list__service_tag', 'isys_catg_model_list__service_tag', 'LC__CMDB__CATG__MODEL_SERVICE_TAG', '1', '1');
				INSERT INTO `isys_otrssync_attributes` VALUES (22, 2, 'LC__CMDB__CATG__MODEL', 'isys_catg_model_list', 'isys_catg_model_list__firmware', 'isys_catg_model_list', 'isys_catg_model_list__firmware', 'isys_catg_model_list__firmware', 'LC__CMDB__CATG__MODEL_FIRMWARE', '1', '1');
                INSERT INTO `isys_otrssync_attributes` VALUES (23, 38, 'LC__CMDB__CATG__ACCOUNTING', 'isys_catg_accounting_list', 'isys_catg_accounting_list__invoice_no', 'isys_catg_accounting_list', 'isys_catg_accounting_list__invoice_no', 'isys_catg_accounting_list__invoice_no', 'LC__CMDB__CATG__GLOBAL_INVOICE_NO', '1', '1');
                INSERT INTO `isys_otrssync_attributes` VALUES (24, 38, 'LC__CMDB__CATG__ACCOUNTING', 'isys_catg_accounting_list', 'isys_catg_accounting_list__order_no', 'isys_catg_accounting_list', 'isys_catg_accounting_list__order_no', 'isys_catg_accounting_list__order_no', 'LC__CMDB__CATG__GLOBAL_ORDER_NO', '1', '1');
                INSERT INTO `isys_otrssync_attributes` VALUES (25, 38, 'LC__CMDB__CATG__ACCOUNTING', 'isys_catg_accounting_list', 'isys_catg_accounting_list__inventory_no', 'isys_catg_accounting_list', 'isys_catg_accounting_list__inventory_no', 'isys_catg_accounting_list__inventory_no', 'LC__CMDB__CATG__ACCOUNTING_INVENTORY_NO', '1', '1');
                INSERT INTO `isys_otrssync_attributes` VALUES (26, 38, 'LC__CMDB__CATG__ACCOUNTING', 'isys_catg_accounting_list', 'isys_catg_accounting_list__delivery_note_no', 'isys_catg_accounting_list', 'isys_catg_accounting_list__delivery_note_no', 'isys_catg_accounting_list__delivery_note_no', 'LC__CMDB__CATG__ACCOUNTING_DELIVERY_NOTE_NO', '1', '1');
                INSERT INTO `isys_otrssync_attributes` VALUES (27, 38, 'LC__CMDB__CATG__ACCOUNTING', 'isys_catg_accounting_list', 'isys_catg_accounting_list__acquirementdate', 'isys_catg_accounting_list', 'isys_catg_accounting_list__acquirementdate', 'isys_catg_accounting_list__acquirementdate', 'LC__CMDB__CATG__AQUIRE', '1', '1');
                INSERT INTO `isys_otrssync_attributes` VALUES (28, 38, 'LC__CMDB__CATG__ACCOUNTING', 'isys_catg_accounting_list', 'isys_catg_accounting_list__guarantee_period', 'isys_catg_accounting_list', 'isys_catg_accounting_list__guarantee_period', 'isys_catg_accounting_list__guarantee_period', 'LC__CMDB__CATG__GLOBAL_GUARANTEE_PERIOD', '1', '1');
                INSERT INTO `isys_otrssync_attributes` VALUES (29, 38, 'LC__CMDB__CATG__ACCOUNTING', 'isys_catg_accounting_list', 'isys_catg_accounting_list__isys_guarantee_period_unit__id', 'isys_guarantee_period_unit', 'isys_guarantee_period_unit__id', 'isys_guarantee_period_unit__title', 'LC__CMDB__CATG__GLOBAL_GUARANTEE_PERIOD_UNIT', '1', '1');
                INSERT INTO `isys_otrssync_attributes` VALUES (30, 38, 'LC__CMDB__CATG__ACCOUNTING', 'isys_catg_accounting_list', 'isys_catg_accounting_list__isys_account__id', 'isys_account', 'isys_account__id', 'isys_account__title', 'LC__CMDB__CATG__ACCOUNTING_ACCOUNT', '1', '1');
                INSERT INTO `isys_otrssync_attributes` VALUES (31, 38, 'LC__CMDB__CATG__ACCOUNTING', 'isys_catg_accounting_list', 'isys_catg_accounting_list__isys_contact__id', 'isys_contact_2_isys_obj', 'isys_contact_2_isys_obj__isys_contact__id', '', '', '1', '1');
                INSERT INTO `isys_otrssync_attributes` VALUES (32, 38, 'LC__CMDB__CATG__ACCOUNTING', 'isys_contact_2_isys_obj', 'isys_contact_2_isys_obj__isys_obj__id', 'isys_obj', 'isys_obj__id', 'isys_obj__title', 'LC__CMDB__CATG__GLOBAL_PURCHASED_AT', '2', '1');
                INSERT INTO `isys_otrssync_attributes` VALUES (33, 21, 'LC__CMDB__CATG__CONTACT', 'isys_catg_contact_list', 'isys_catg_contact_list__isys_contact_tag__id', 'isys_contact_tag', 'isys_contact_tag__id', 'isys_contact_tag__title', 'LC__CMDB__CONTACT_ROLE', '1', '1');
				INSERT INTO `isys_otrssync_attributes` VALUES (34, 21, 'LC__CMDB__CATG__CONTACT', 'isys_obj', 'isys_obj__id', 'isys_cats_person_list', 'isys_cats_person_list__isys_obj__id', 'isys_cats_person_list__title', 'LC__LOGIN__USERNAME', '3', '1');
                </exec>
			</sql>
		</query>

		<query>
			<id>8</id>
			<title>Create table: isys_otrssync_mapped_attr</title>
			<check ident="C_CREATE_TABLE">isys_otrssync_mapped_attr</check>
			<sql>
				<exec ident="false">
				  CREATE TABLE `isys_otrssync_mapped_attr` (
				  `isys_otrssync_mapped_attr__obj_id` INT UNSIGNED NOT NULL,
				  `isys_otrssync_mapped_attr__idoit_id` INT UNSIGNED NOT NULL,
				  `isys_otrssync_mapped_attr__otrs_id` INT UNSIGNED NOT NULL,
				  PRIMARY KEY (`isys_otrssync_mapped_attr__obj_id`, `isys_otrssync_mapped_attr__idoit_id`, `isys_otrssync_mapped_attr__otrs_id`));
				</exec>
			</sql>
		</query>
		<query>
			<id>9</id>
			<title>Create table: isys_otrssync_synchronisation</title>
			<check ident="C_CREATE_TABLE">isys_otrssync_synchronisation</check>
			<sql>
				<exec ident="false">
				  CREATE TABLE `isys_otrssync_synchronisation` (
				  `isys_otrssync_synchronisation__id` INT UNSIGNED NOT NULL AUTO_INCREMENT,
				  `isys_otrssync_synchronisation__obj_id` INT UNSIGNED NOT NULL,
				  `isys_otrssync_synchronisation__date` DATETIME NOT NULL DEFAULT NOW(),
				  `isys_otrssync_synchronisation__otrs_id` INT NOT NULL,
				  `isys_otrssync_synchronisation__isys_otrssync_otrsclasses__id` INT NOT NULL,
				  PRIMARY KEY (`isys_otrssync_synchronisation__id`));
				</exec>
			</sql>
		</query>

		<query>
			<id>10</id>
			<title>Create table: isys_otrssync_compatibility</title>
			<check ident="C_CREATE_TABLE">isys_otrssync_compatibility</check>
			<sql>
				<exec ident="false">
				CREATE TABLE `isys_otrssync_compatibility` (
				  `isys_otrssync_compatibility__id` INT UNSIGNED NOT NULL AUTO_INCREMENT,
				  `isys_otrssync_compatibility__table` VARCHAR(200) NOT NULL,
				  `isys_otrssync_compatibility__column` VARCHAR(200) NOT NULL,
				PRIMARY KEY (`isys_otrssync_compatibility__id`));

				INSERT INTO `isys_otrssync_compatibility` (`isys_otrssync_compatibility__table`, `isys_otrssync_compatibility__column`) VALUES ('isys_obj_type', 'isys_obj_type__id');
				INSERT INTO `isys_otrssync_compatibility` (`isys_otrssync_compatibility__table`, `isys_otrssync_compatibility__column`) VALUES ('isys_obj_type', 'isys_obj_type__title');
				INSERT INTO `isys_otrssync_compatibility` (`isys_otrssync_compatibility__table`, `isys_otrssync_compatibility__column`) VALUES ('isys_obj_type', 'isys_obj_type__icon');
				INSERT INTO `isys_otrssync_compatibility` (`isys_otrssync_compatibility__table`, `isys_otrssync_compatibility__column`) VALUES ('isys_obj_type', 'isys_obj_type__color');
				INSERT INTO `isys_otrssync_compatibility` (`isys_otrssync_compatibility__table`, `isys_otrssync_compatibility__column`) VALUES ('isys_obj_type', 'isys_obj_type__status');
				INSERT INTO `isys_otrssync_compatibility` (`isys_otrssync_compatibility__table`, `isys_otrssync_compatibility__column`) VALUES ('isys_obj', 'isys_obj__id');
				INSERT INTO `isys_otrssync_compatibility` (`isys_otrssync_compatibility__table`, `isys_otrssync_compatibility__column`) VALUES ('isys_obj', 'isys_obj__isys_obj_type__id');
				INSERT INTO `isys_otrssync_compatibility` (`isys_otrssync_compatibility__table`, `isys_otrssync_compatibility__column`) VALUES ('isys_obj', 'isys_obj__updated');
				INSERT INTO `isys_otrssync_compatibility` (`isys_otrssync_compatibility__table`, `isys_otrssync_compatibility__column`) VALUES ('isys_obj', 'isys_obj__title');
				INSERT INTO `isys_otrssync_compatibility` (`isys_otrssync_compatibility__table`, `isys_otrssync_compatibility__column`) VALUES ('isys_obj', 'isys_obj__status');
				INSERT INTO `isys_otrssync_compatibility` (`isys_otrssync_compatibility__table`, `isys_otrssync_compatibility__column`) VALUES ('isys_obj_type_2_isysgui_catg', 'isys_obj_type_2_isysgui_catg__isys_obj_type__id');
				INSERT INTO `isys_otrssync_compatibility` (`isys_otrssync_compatibility__table`, `isys_otrssync_compatibility__column`) VALUES ('isysgui_catg', 'isysgui_catg__id');
				INSERT INTO `isys_otrssync_compatibility` (`isys_otrssync_compatibility__table`, `isys_otrssync_compatibility__column`) VALUES ('isysgui_catg', 'isysgui_catg__status');
				INSERT INTO `isys_otrssync_compatibility` (`isys_otrssync_compatibility__table`, `isys_otrssync_compatibility__column`) VALUES ('isysgui_catg', 'isysgui_catg__title');
				INSERT INTO `isys_otrssync_compatibility` (`isys_otrssync_compatibility__table`, `isys_otrssync_compatibility__column`) VALUES ('isysgui_catg', 'isysgui_catg__source_table');
				INSERT INTO `isys_otrssync_compatibility` (`isys_otrssync_compatibility__table`, `isys_otrssync_compatibility__column`) VALUES ('isys_catg_global_list', 'isys_catg_global_list__isys_obj__id');
				INSERT INTO `isys_otrssync_compatibility` (`isys_otrssync_compatibility__table`, `isys_otrssync_compatibility__column`) VALUES ('isys_catg_global_list', 'isys_catg_global_list__isys_purpose__id');
				INSERT INTO `isys_otrssync_compatibility` (`isys_otrssync_compatibility__table`, `isys_otrssync_compatibility__column`) VALUES ('isys_catg_custom_fields_list', 'isys_catg_custom_fields_list__field_key');
				INSERT INTO `isys_otrssync_compatibility` (`isys_otrssync_compatibility__table`, `isys_otrssync_compatibility__column`) VALUES ('isys_catg_custom_fields_list', 'isys_catg_custom_fields_list__field_content');
				INSERT INTO `isys_otrssync_compatibility` (`isys_otrssync_compatibility__table`, `isys_otrssync_compatibility__column`) VALUES ('isysgui_catg_custom', 'isysgui_catg_custom__id');
				INSERT INTO `isys_otrssync_compatibility` (`isys_otrssync_compatibility__table`, `isys_otrssync_compatibility__column`) VALUES ('isysgui_catg_custom', 'isysgui_catg_custom__config');
				INSERT INTO `isys_otrssync_compatibility` (`isys_otrssync_compatibility__table`, `isys_otrssync_compatibility__column`) VALUES ('isys_obj_type_2_isysgui_catg_custom', 'isys_obj_type_2_isysgui_catg_custom__isys_obj_type__id');
				INSERT INTO `isys_otrssync_compatibility` (`isys_otrssync_compatibility__table`, `isys_otrssync_compatibility__column`) VALUES ('isys_obj_type_2_isysgui_catg_custom', 'isys_obj_type_2_isysgui_catg_custom__isysgui_catg_custom__id');
				</exec>
			</sql>
		</query>

		<query>
			<id>11</id>
			<title>Create table: isys_otrssync_solve_attr</title>
			<check ident="C_CREATE_TABLE">isys_otrssync_solve_attr</check>
			<sql>
				<exec ident="false">
				  CREATE TABLE `isys_otrssync_solve_attr` (
				  `isys_otrssync_solve_attr__attr_id` INT UNSIGNED NOT NULL,
				  `isys_otrssync_solve_attr__script` LONGTEXT NOT NULL,
				  PRIMARY KEY (`isys_otrssync_solve_attr__attr_id`));

				  INSERT INTO `isys_otrssync_solve_attr` VALUES (14,'switch ($input) {case $var[0]:case $var[1]:$output="Yes";break;default:$output="No";}');
				</exec>
			</sql>
		</query>
		<query>
			<id>12</id>
			<title>Create table: isys_otrssync_custom_attributes</title>
			<check ident="C_CREATE_TABLE">isys_otrssync_custom_attributes</check>
			<sql>
				<exec ident="false">
				CREATE TABLE `isys_otrssync_custom_attributes` (
				  `isys_otrssync_custom_attributes__id` INT NOT NULL AUTO_INCREMENT,
				  `isys_otrssync_custom_attributes__key` VARCHAR(45) NOT NULL,
				  `isys_otrssync_custom_attributes__title` TEXT NOT NULL,
				  `isys_otrssync_custom_attributes__cat_id` INT NOT NULL,
				  PRIMARY KEY (`isys_otrssync_custom_attributes__id`));
				</exec>
			</sql>
		</query>
		<query>
			<id>13</id>
			<title>Create table: isys_otrssync_mapped_deplstates</title>
			<check ident="C_CREATE_TABLE">isys_otrssync_mapped_deplstates</check>
			<sql>
				<exec ident="false">
				CREATE TABLE `isys_otrssync_mapped_deplstates` (
				  `isys_otrssync_mapped_deplstates__id` INT NOT NULL AUTO_INCREMENT,
				  `isys_otrssync_mapped_deplstates__purpose` INT NULL,
				  `isys_otrssync_mapped_deplstates__cmdstatus` INT NULL,
				  `isys_otrssync_mapped_deplstates__deplstate` VARCHAR(100) NOT NULL,
				  PRIMARY KEY (`isys_otrssync_mapped_deplstates__id`));
				</exec>
			</sql>
		</query>

		<query>
			<id>14</id>
			<title>Create table: isys_otrssync_mapped_reports</title>
			<check ident="C_CREATE_TABLE">isys_otrssync_mapped_reports</check>
			<sql>
				<exec ident="false">
					CREATE TABLE IF NOT EXISTS `isys_otrssync_mapped_reports` (
					`isys_otrssync_mapped_reports__report_id` INT UNSIGNED NOT NULL,
					PRIMARY KEY (`isys_otrssync_mapped_reports__report_id`));
				</exec>
			</sql>
		</query>
        <query>
            <id>15</id>
            <title>Create table: isys_otrssync_mapped_report_fields</title>
            <check ident="C_CREATE_TABLE">isys_otrssync_mapped_report_fields</check>
            <sql>
                <exec ident="false">
                    CREATE TABLE `isys_otrssync_mapped_report_fields` (
                    `isys_otrssync_mapped_attr__obj_id` int(10) unsigned NOT NULL,
                    `isys_otrssync_mapped_attr__report_id` int(10) unsigned NOT NULL,
                    `isys_otrssync_mapped_attr__report_fieldname` varchar(255) NOT NULL,
                    `isys_otrssync_mapped_attr__otrs_id` int(10) unsigned NOT NULL,
                    PRIMARY KEY (`isys_otrssync_mapped_attr__obj_id`,`isys_otrssync_mapped_attr__report_id`,`isys_otrssync_mapped_attr__report_fieldname`,`isys_otrssync_mapped_attr__otrs_id`));
                </exec>
            </sql>
        </query>
	</queries>
</isys>
